material_id,formula_pretty,energy_above_hull,formation_energy_per_atom,MagpieData minimum Number,MagpieData maximum Number,MagpieData range Number,MagpieData mean Number,MagpieData avg_dev Number,MagpieData mode Number,MagpieData minimum MendeleevNumber,MagpieData maximum MendeleevNumber,MagpieData range MendeleevNumber,MagpieData mean MendeleevNumber,MagpieData avg_dev MendeleevNumber,MagpieData mode MendeleevNumber,MagpieData minimum AtomicWeight,MagpieData maximum AtomicWeight,MagpieData range AtomicWeight,MagpieData mean AtomicWeight,MagpieData avg_dev AtomicWeight,MagpieData mode AtomicWeight,MagpieData minimum MeltingT,MagpieData maximum MeltingT,MagpieData range MeltingT,MagpieData mean MeltingT,MagpieData avg_dev MeltingT,MagpieData mode MeltingT,MagpieData minimum Column,MagpieData maximum Column,MagpieData range Column,MagpieData mean Column,MagpieData avg_dev Column,MagpieData mode Column,MagpieData minimum Row,MagpieData maximum Row,MagpieData range Row,MagpieData mean Row,MagpieData avg_dev Row,MagpieData mode Row,MagpieData minimum CovalentRadius,MagpieData maximum CovalentRadius,MagpieData range CovalentRadius,MagpieData mean CovalentRadius,MagpieData avg_dev CovalentRadius,MagpieData mode CovalentRadius,MagpieData minimum Electronegativity,MagpieData maximum Electronegativity,MagpieData range Electronegativity,MagpieData mean Electronegativity,MagpieData avg_dev Electronegativity,MagpieData mode Electronegativity,MagpieData minimum NsValence,MagpieData maximum NsValence,MagpieData range NsValence,MagpieData mean NsValence,MagpieData avg_dev NsValence,MagpieData mode NsValence,MagpieData minimum NpValence,MagpieData maximum NpValence,MagpieData range NpValence,MagpieData mean NpValence,MagpieData avg_dev NpValence,MagpieData mode NpValence,MagpieData minimum NdValence,MagpieData maximum NdValence,MagpieData range NdValence,MagpieData mean NdValence,MagpieData avg_dev NdValence,MagpieData mode NdValence,MagpieData minimum NfValence,MagpieData maximum NfValence,MagpieData range NfValence,MagpieData mean NfValence,MagpieData avg_dev NfValence,MagpieData mode NfValence,MagpieData minimum NValence,MagpieData maximum NValence,MagpieData range NValence,MagpieData mean NValence,MagpieData avg_dev NValence,MagpieData mode NValence,MagpieData minimum NsUnfilled,MagpieData maximum NsUnfilled,MagpieData range NsUnfilled,MagpieData mean NsUnfilled,MagpieData avg_dev NsUnfilled,MagpieData mode NsUnfilled,MagpieData minimum NpUnfilled,MagpieData maximum NpUnfilled,MagpieData range NpUnfilled,MagpieData mean NpUnfilled,MagpieData avg_dev NpUnfilled,MagpieData mode NpUnfilled,MagpieData minimum NdUnfilled,MagpieData maximum NdUnfilled,MagpieData range NdUnfilled,MagpieData mean NdUnfilled,MagpieData avg_dev NdUnfilled,MagpieData mode NdUnfilled,MagpieData minimum NfUnfilled,MagpieData maximum NfUnfilled,MagpieData range NfUnfilled,MagpieData mean NfUnfilled,MagpieData avg_dev NfUnfilled,MagpieData mode NfUnfilled,MagpieData minimum NUnfilled,MagpieData maximum NUnfilled,MagpieData range NUnfilled,MagpieData mean NUnfilled,MagpieData avg_dev NUnfilled,MagpieData mode NUnfilled,MagpieData minimum GSvolume_pa,MagpieData maximum GSvolume_pa,MagpieData range GSvolume_pa,MagpieData mean GSvolume_pa,MagpieData avg_dev GSvolume_pa,MagpieData mode GSvolume_pa,MagpieData minimum GSbandgap,MagpieData maximum GSbandgap,MagpieData range GSbandgap,MagpieData mean GSbandgap,MagpieData avg_dev GSbandgap,MagpieData mode GSbandgap,MagpieData minimum GSmagmom,MagpieData maximum GSmagmom,MagpieData range GSmagmom,MagpieData mean GSmagmom,MagpieData avg_dev GSmagmom,MagpieData mode GSmagmom,MagpieData minimum SpaceGroupNumber,MagpieData maximum SpaceGroupNumber,MagpieData range SpaceGroupNumber,MagpieData mean SpaceGroupNumber,MagpieData avg_dev SpaceGroupNumber,MagpieData mode SpaceGroupNumber,predicted_log10_conductivity
mp-768320,LiLa5Ti8O24,0.0477487946052619,-3.6184759293421056,3.0,57.0,54.0,17.263157894736842,12.45152354570637,8.0,1.0,87.0,86.0,65.73684210526316,26.85872576177285,87.0,6.941,138.90547,131.96447,38.64184078947368,30.26944314404432,15.9994,54.8,1941.0,1886.2,612.155,712.3676315789475,54.8,1.0,16.0,15.0,11.36842105263158,5.850415512465374,16.0,2.0,6.0,4.0,2.9473684210526314,1.2465373961218835,2.0,66.0,207.0,141.0,105.97368421052632,50.49307479224377,66.0,0.98,3.44,2.46,2.667368421052632,0.97595567867036,3.44,1.0,2.0,1.0,1.973684210526316,0.0512465373961219,2.0,0.0,4.0,4.0,2.526315789473684,1.861495844875346,4.0,0.0,2.0,2.0,0.5526315789473685,0.7271468144044321,0.0,0.0,0.0,0.0,0.0,0.0,0.0,1.0,6.0,5.0,5.052631578947368,1.1966759002770082,6.0,0.0,1.0,1.0,0.0263157894736842,0.0512465373961218,0.0,0.0,2.0,2.0,1.263157894736842,0.930747922437673,2.0,0.0,9.0,9.0,2.8684210526315788,3.774238227146815,0.0,0.0,0.0,0.0,0.0,0.0,0.0,1.0,9.0,8.0,4.157894736842105,2.89196675900277,2.0,9.105,36.8975,27.7925,14.555811403507894,6.885235457062604,9.105,0.0,0.0,0.0,0.0,0.0,0.0,0.0,2.25333333333e-05,2.25333333333e-05,4.7438596491157895e-06,7.490304709130194e-06,0.0,12.0,229.0,217.0,79.97368421052632,85.86149584487535,12.0,-4.034836855697037
mp-1661345,LiFe(PO3)3,0.0316005649999988,-2.5223842390901368,3.0,26.0,23.0,10.428571428571429,4.183673469387755,8.0,1.0,87.0,86.0,77.71428571428571,14.204081632653066,87.0,6.941,55.845,48.904,21.407277571428573,9.019596530612246,15.9994,54.8,1811.0,1756.2,264.985,270.23785714285714,54.8,1.0,16.0,15.0,14.142857142857142,2.7551020408163267,16.0,2.0,4.0,2.0,2.357142857142857,0.5102040816326531,2.0,66.0,132.0,66.0,83.92857142857143,23.051020408163264,66.0,0.98,3.44,2.46,2.881428571428572,0.7181632653061223,3.44,1.0,2.0,1.0,1.9285714285714288,0.1326530612244897,2.0,0.0,4.0,4.0,3.2142857142857144,1.010204081632653,4.0,0.0,6.0,6.0,0.4285714285714285,0.7959183673469388,0.0,0.0,0.0,0.0,0.0,0.0,0.0,1.0,8.0,7.0,5.571428571428571,0.8979591836734695,6.0,0.0,1.0,1.0,0.0714285714285714,0.1326530612244897,0.0,0.0,3.0,3.0,1.9285714285714288,0.5510204081632653,2.0,0.0,4.0,4.0,0.2857142857142857,0.5306122448979591,0.0,0.0,0.0,0.0,0.0,0.0,0.0,1.0,4.0,3.0,2.2857142857142856,0.5510204081632653,2.0,9.105,22.5702380952,13.4652380952,12.641360544207144,4.819800777438776,9.105,0.0,1.625,1.625,0.3482142857142857,0.5471938775510204,0.0,0.0,2.1106628,2.1106628,0.1507616285714285,0.2799858816326531,0.0,2.0,229.0,227.0,40.85714285714285,53.75510204081632,12.0,-5.284073265071178
mp-1641256,LiVP2O7,0.0236030959091042,-2.694750614101732,3.0,23.0,20.0,10.181818181818182,4.082644628099174,8.0,1.0,87.0,86.0,74.72727272727273,18.62809917355372,87.0,6.941,50.9415,44.0005,21.07507490909091,9.029781685950416,15.9994,54.8,2183.0,2128.2,332.26272727272726,358.57537190082644,54.8,1.0,16.0,15.0,13.454545454545457,3.801652892561983,16.0,2.0,4.0,2.0,2.363636363636364,0.5289256198347108,2.0,66.0,153.0,87.0,87.0,26.727272727272727,66.0,0.98,3.44,2.46,2.8245454545454547,0.7833057851239669,3.44,1.0,2.0,1.0,1.9090909090909087,0.165289256198347,2.0,0.0,4.0,4.0,3.090909090909091,1.1570247933884297,4.0,0.0,3.0,3.0,0.2727272727272727,0.4958677685950413,0.0,0.0,0.0,0.0,0.0,0.0,0.0,1.0,6.0,5.0,5.2727272727272725,0.925619834710744,6.0,0.0,1.0,1.0,0.0909090909090909,0.1652892561983471,0.0,0.0,3.0,3.0,1.818181818181818,0.6611570247933884,2.0,0.0,7.0,7.0,0.6363636363636364,1.1570247933884297,0.0,0.0,0.0,0.0,0.0,0.0,0.0,1.0,7.0,6.0,2.5454545454545454,0.975206611570248,2.0,9.105,22.5702380952,13.4652380952,12.588982683972729,4.434159779601654,9.105,0.0,1.625,1.625,0.2954545454545454,0.4834710743801653,0.0,0.0,0.0,0.0,0.0,0.0,0.0,2.0,229.0,227.0,49.63636363636363,65.22314049586777,12.0,-5.454296188026603
mp-1567478,LiVP2O7,0.0288822906818326,-2.6894714193290032,3.0,23.0,20.0,10.181818181818182,4.082644628099174,8.0,1.0,87.0,86.0,74.72727272727273,18.62809917355372,87.0,6.941,50.9415,44.0005,21.07507490909091,9.029781685950416,15.9994,54.8,2183.0,2128.2,332.26272727272726,358.57537190082644,54.8,1.0,16.0,15.0,13.454545454545457,3.801652892561983,16.0,2.0,4.0,2.0,2.363636363636364,0.5289256198347108,2.0,66.0,153.0,87.0,87.0,26.727272727272727,66.0,0.98,3.44,2.46,2.8245454545454547,0.7833057851239669,3.44,1.0,2.0,1.0,1.9090909090909087,0.165289256198347,2.0,0.0,4.0,4.0,3.090909090909091,1.1570247933884297,4.0,0.0,3.0,3.0,0.2727272727272727,0.4958677685950413,0.0,0.0,0.0,0.0,0.0,0.0,0.0,1.0,6.0,5.0,5.2727272727272725,0.925619834710744,6.0,0.0,1.0,1.0,0.0909090909090909,0.1652892561983471,0.0,0.0,3.0,3.0,1.818181818181818,0.6611570247933884,2.0,0.0,7.0,7.0,0.6363636363636364,1.1570247933884297,0.0,0.0,0.0,0.0,0.0,0.0,0.0,1.0,7.0,6.0,2.5454545454545454,0.975206611570248,2.0,9.105,22.5702380952,13.4652380952,12.588982683972729,4.434159779601654,9.105,0.0,1.625,1.625,0.2954545454545454,0.4834710743801653,0.0,0.0,0.0,0.0,0.0,0.0,0.0,2.0,229.0,227.0,49.63636363636363,65.22314049586777,12.0,-5.454296188026603
mp-1639470,LiVP2O7,0.0402578215909228,-2.6780958884199126,3.0,23.0,20.0,10.181818181818182,4.082644628099174,8.0,1.0,87.0,86.0,74.72727272727273,18.62809917355372,87.0,6.941,50.9415,44.0005,21.07507490909091,9.029781685950416,15.9994,54.8,2183.0,2128.2,332.26272727272726,358.57537190082644,54.8,1.0,16.0,15.0,13.454545454545457,3.801652892561983,16.0,2.0,4.0,2.0,2.363636363636364,0.5289256198347108,2.0,66.0,153.0,87.0,87.0,26.727272727272727,66.0,0.98,3.44,2.46,2.8245454545454547,0.7833057851239669,3.44,1.0,2.0,1.0,1.9090909090909087,0.165289256198347,2.0,0.0,4.0,4.0,3.090909090909091,1.1570247933884297,4.0,0.0,3.0,3.0,0.2727272727272727,0.4958677685950413,0.0,0.0,0.0,0.0,0.0,0.0,0.0,1.0,6.0,5.0,5.2727272727272725,0.925619834710744,6.0,0.0,1.0,1.0,0.0909090909090909,0.1652892561983471,0.0,0.0,3.0,3.0,1.818181818181818,0.6611570247933884,2.0,0.0,7.0,7.0,0.6363636363636364,1.1570247933884297,0.0,0.0,0.0,0.0,0.0,0.0,0.0,1.0,7.0,6.0,2.5454545454545454,0.975206611570248,2.0,9.105,22.5702380952,13.4652380952,12.588982683972729,4.434159779601654,9.105,0.0,1.625,1.625,0.2954545454545454,0.4834710743801653,0.0,0.0,0.0,0.0,0.0,0.0,0.0,2.0,229.0,227.0,49.63636363636363,65.22314049586777,12.0,-5.454296188026603
mp-1568351,LiCrP2O7,0.0387187488636353,-2.6356254863744595,3.0,24.0,21.0,10.272727272727272,4.214876033057852,8.0,1.0,87.0,86.0,75.0,18.181818181818183,87.0,6.941,51.9961,45.0551,21.17094763636364,9.169232925619836,15.9994,54.8,2180.0,2125.2,331.99,358.1290909090909,54.8,1.0,16.0,15.0,13.545454545454543,3.6528925619834713,16.0,2.0,4.0,2.0,2.363636363636364,0.5289256198347108,2.0,66.0,139.0,73.0,85.72727272727273,25.107438016528928,66.0,0.98,3.44,2.46,2.827272727272727,0.7798347107438016,3.44,1.0,2.0,1.0,1.818181818181818,0.2975206611570248,2.0,0.0,4.0,4.0,3.090909090909091,1.1570247933884297,4.0,0.0,5.0,5.0,0.4545454545454545,0.8264462809917354,0.0,0.0,0.0,0.0,0.0,0.0,0.0,1.0,6.0,5.0,5.363636363636363,0.925619834710744,6.0,0.0,1.0,1.0,0.1818181818181818,0.2975206611570247,0.0,0.0,3.0,3.0,1.818181818181818,0.6611570247933884,2.0,0.0,5.0,5.0,0.4545454545454545,0.8264462809917354,0.0,0.0,0.0,0.0,0.0,0.0,0.0,1.0,6.0,5.0,2.4545454545454546,0.8429752066115703,2.0,9.105,22.5702380952,13.4652380952,12.42352813851818,4.4478591105719,9.105,0.0,1.625,1.625,0.2954545454545454,0.4834710743801653,0.0,0.0,0.0,0.0,0.0,0.0,0.0,2.0,229.0,227.0,49.63636363636363,65.22314049586777,12.0,-5.4638389946120585
mp-1663238,LiMn(PO3)3,0.0204147212499723,-2.6133685267994946,3.0,25.0,22.0,10.357142857142858,4.0816326530612255,8.0,1.0,87.0,86.0,77.5,14.571428571428571,87.0,6.941,54.938045,47.997045,21.342495071428573,8.927050102040818,15.9994,54.8,1519.0,1464.2,244.12785714285715,243.4215306122449,54.8,1.0,16.0,15.0,14.071428571428571,2.877551020408164,16.0,2.0,4.0,2.0,2.357142857142857,0.5102040816326531,2.0,66.0,139.0,73.0,84.42857142857143,23.69387755102041,66.0,0.98,3.44,2.46,2.861428571428572,0.7438775510204081,3.44,1.0,2.0,1.0,1.9285714285714288,0.1326530612244897,2.0,0.0,4.0,4.0,3.2142857142857144,1.010204081632653,4.0,0.0,5.0,5.0,0.3571428571428571,0.6632653061224489,0.0,0.0,0.0,0.0,0.0,0.0,0.0,1.0,7.0,6.0,5.5,0.8571428571428571,6.0,0.0,1.0,1.0,0.0714285714285714,0.1326530612244897,0.0,0.0,3.0,3.0,1.9285714285714288,0.5510204081632653,2.0,0.0,5.0,5.0,0.3571428571428571,0.6632653061224489,0.0,0.0,0.0,0.0,0.0,0.0,0.0,1.0,5.0,4.0,2.357142857142857,0.653061224489796,2.0,9.105,22.5702380952,13.4652380952,12.624045273271433,4.829695217973471,9.105,0.0,1.625,1.625,0.3482142857142857,0.5471938775510204,0.0,0.0,0.000310120689655,0.000310120689655,2.21514778325e-05,4.113845883178571e-05,0.0,2.0,229.0,227.0,40.0,52.285714285714285,12.0,-5.996337284471909
mp-1576561,LiVP2HO8,0.0442359353205121,-2.484557259143773,1.0,23.0,22.0,9.307692307692308,3.857988165680474,8.0,1.0,92.0,91.0,77.0,16.46153846153846,87.0,1.00794,50.9415,49.93356,19.141012615384614,8.533228639053256,15.9994,14.01,2183.0,2168.99,286.4384615384616,327.0055621301775,54.8,1.0,16.0,15.0,12.692307692307692,4.781065088757397,16.0,1.0,4.0,3.0,2.230769230769231,0.5088757396449705,2.0,31.0,153.0,122.0,81.07692307692308,26.260355029585803,66.0,0.98,3.44,2.46,2.823846153846154,0.758343195266272,3.44,1.0,2.0,1.0,1.8461538461538465,0.2603550295857987,2.0,0.0,4.0,4.0,2.923076923076923,1.3491124260355032,4.0,0.0,3.0,3.0,0.2307692307692307,0.4260355029585799,0.0,0.0,0.0,0.0,0.0,0.0,0.0,1.0,6.0,5.0,5.0,1.2307692307692308,6.0,0.0,1.0,1.0,0.1538461538461538,0.2603550295857988,0.0,0.0,3.0,3.0,1.6923076923076923,0.7810650887573964,2.0,0.0,7.0,7.0,0.5384615384615384,0.9940828402366864,0.0,0.0,0.0,0.0,0.0,0.0,0.0,1.0,7.0,6.0,2.3846153846153846,0.8994082840236686,2.0,6.615,22.5702380952,15.9552380952,11.86144688643846,4.199695688914793,9.105,0.0,7.853,7.853,0.8540769230769231,1.3139644970414202,0.0,0.0,0.0,0.0,0.0,0.0,0.0,2.0,229.0,227.0,57.84615384615385,73.6094674556213,12.0,-6.254765097339612
mp-768159,LiSnPCO7,0.0493313978409082,-2.25560782254329,3.0,50.0,47.0,11.818181818181818,7.520661157024793,8.0,1.0,87.0,86.0,77.27272727272727,13.917355371900827,87.0,6.941,118.71,111.769,25.51193290909091,17.938162942148765,15.9994,54.8,3823.0,3768.2,498.4245454545455,605.6783471074381,54.8,1.0,16.0,15.0,14.181818181818182,2.462809917355372,16.0,2.0,5.0,3.0,2.363636363636364,0.5950413223140497,2.0,66.0,139.0,73.0,82.9090909090909,22.77685950413223,66.0,0.98,3.44,2.46,2.887272727272727,0.7034710743801653,3.44,1.0,2.0,1.0,1.9090909090909087,0.165289256198347,2.0,0.0,4.0,4.0,3.1818181818181817,1.0413223140495869,4.0,0.0,10.0,10.0,0.9090909090909092,1.652892561983471,0.0,0.0,0.0,0.0,0.0,0.0,0.0,1.0,14.0,13.0,6.0,1.4545454545454546,6.0,0.0,1.0,1.0,0.0909090909090909,0.165289256198347,0.0,0.0,4.0,4.0,2.272727272727273,0.7603305785123967,2.0,0.0,0.0,0.0,0.0,0.0,0.0,0.0,0.0,0.0,0.0,0.0,0.0,1.0,4.0,3.0,2.363636363636364,0.7107438016528925,2.0,5.64,33.285,27.645,12.893051948045452,6.1398937426115685,9.105,0.0,4.496,4.496,0.5564545454545455,0.9105619834710744,0.0,0.0,0.0,0.0,0.0,0.0,0.0,2.0,229.0,227.0,59.09090909090909,70.31404958677685,12.0,-6.459514037621724
mp-2911947,LiV2(PO3)5,0.0483294546004149,-2.392769577730331,3.0,23.0,20.0,10.608695652173912,4.064272211720226,8.0,1.0,87.0,86.0,78.82608695652173,12.476370510396976,87.0,6.941,50.9415,44.0005,21.89929608695652,8.996238034026465,15.9994,54.8,2183.0,2128.2,314.2691304347826,338.4379962192816,54.8,1.0,16.0,15.0,14.173913043478262,2.7410207939508497,16.0,2.0,4.0,2.0,2.391304347826087,0.5444234404536862,2.0,66.0,153.0,87.0,85.17391304347827,25.00945179584121,66.0,0.98,3.44,2.46,2.903913043478261,0.699243856332703,3.44,1.0,2.0,1.0,1.9565217391304348,0.0831758034026464,2.0,0.0,4.0,4.0,3.260869565217391,0.9640831758034026,4.0,0.0,3.0,3.0,0.2608695652173913,0.4763705103969755,0.0,0.0,0.0,0.0,0.0,0.0,0.0,1.0,6.0,5.0,5.478260869565218,0.6805293005671077,6.0,0.0,1.0,1.0,0.0434782608695652,0.0831758034026465,0.0,0.0,3.0,3.0,1.9565217391304348,0.5103969754253308,2.0,0.0,7.0,7.0,0.6086956521739131,1.111531190926276,0.0,0.0,0.0,0.0,0.0,0.0,0.0,1.0,7.0,6.0,2.608695652173913,0.9338374291115312,2.0,9.105,22.5702380952,13.4652380952,12.69737060040435,4.685700783136106,9.105,0.0,1.625,1.625,0.3532608695652174,0.5529300567107751,0.0,0.0,0.0,0.0,0.0,0.0,0.0,2.0,229.0,227.0,38.130434782608695,49.79206049149339,12.0,-6.721693994021928
mp-1978995,LiMn2(PO4)2,0.0091537348076924,-2.536716292575472,3.0,25.0,22.0,11.307692307692308,5.349112426035504,8.0,1.0,87.0,86.0,74.38461538461539,18.17751479289941,87.0,6.941,54.938045,47.997045,23.59690876923077,11.91322752662722,15.9994,54.8,1519.0,1464.2,351.13,375.1230769230769,54.8,1.0,16.0,15.0,13.307692307692308,3.8343195266272185,16.0,2.0,4.0,2.0,2.4615384615384617,0.6390532544378699,2.0,66.0,139.0,73.0,88.3076923076923,27.455621301775142,66.0,0.98,3.44,2.46,2.767692307692308,0.8274556213017751,3.44,1.0,2.0,1.0,1.9230769230769231,0.1420118343195265,2.0,0.0,4.0,4.0,2.923076923076923,1.3491124260355032,4.0,0.0,5.0,5.0,0.7692307692307693,1.301775147928994,0.0,0.0,0.0,0.0,0.0,0.0,0.0,1.0,7.0,6.0,5.615384615384615,0.8994082840236689,6.0,0.0,1.0,1.0,0.0769230769230769,0.1420118343195266,0.0,0.0,3.0,3.0,1.6923076923076923,0.7810650887573964,2.0,0.0,5.0,5.0,0.7692307692307693,1.301775147928994,0.0,0.0,0.0,0.0,0.0,0.0,0.0,1.0,5.0,4.0,2.5384615384615383,0.8994082840236686,2.0,9.105,22.5702380952,13.4652380952,11.965306302884615,3.975060094622485,9.105,0.0,1.625,1.625,0.25,0.4230769230769231,0.0,0.0,0.000310120689655,0.000310120689655,4.7710875331538456e-05,8.074148133029586e-05,0.0,2.0,229.0,227.0,58.69230769230769,74.9112426035503,12.0,-6.842075077599914
mp-1647971,LiVP4(H2O7)2,0.0462798566666675,-2.292820495079365,1.0,23.0,22.0,8.416666666666666,3.409722222222222,8.0,1.0,92.0,91.0,81.875,9.729166666666666,87.0,1.00794,50.9415,49.93356,17.075037833333333,7.455113236111111,15.9994,14.01,2183.0,2168.99,197.04708333333332,226.96729166666668,54.8,1.0,16.0,15.0,12.25,5.291666666666667,16.0,1.0,4.0,3.0,2.083333333333333,0.4652777777777778,2.0,31.0,153.0,122.0,73.20833333333333,22.47916666666666,66.0,0.98,3.44,2.46,2.8470833333333334,0.6917361111111111,3.44,1.0,2.0,1.0,1.7916666666666667,0.3298611111111111,2.0,0.0,4.0,4.0,2.833333333333333,1.4166666666666667,4.0,0.0,3.0,3.0,0.125,0.2395833333333333,0.0,0.0,0.0,0.0,0.0,0.0,0.0,1.0,6.0,5.0,4.75,1.5625,6.0,0.0,1.0,1.0,0.2083333333333333,0.3298611111111111,0.0,0.0,3.0,3.0,1.6666666666666667,0.8333333333333334,2.0,0.0,7.0,7.0,0.2916666666666667,0.5590277777777778,0.0,0.0,0.0,0.0,0.0,0.0,0.0,1.0,7.0,6.0,2.1666666666666665,0.6805555555555555,2.0,6.615,22.5702380952,15.9552380952,11.408928571420835,4.285892857131251,9.105,0.0,7.853,7.853,1.5796666666666666,2.106222222222222,0.0,0.0,0.0,0.0,0.0,0.0,0.0,2.0,229.0,227.0,58.75,73.45833333333333,12.0,-6.969312906669903
mp-1580008,LiVP4(H2O7)2,0.0466805197916668,-2.2924198319543656,1.0,23.0,22.0,8.416666666666666,3.409722222222222,8.0,1.0,92.0,91.0,81.875,9.729166666666666,87.0,1.00794,50.9415,49.93356,17.075037833333333,7.455113236111111,15.9994,14.01,2183.0,2168.99,197.04708333333332,226.96729166666668,54.8,1.0,16.0,15.0,12.25,5.291666666666667,16.0,1.0,4.0,3.0,2.083333333333333,0.4652777777777778,2.0,31.0,153.0,122.0,73.20833333333333,22.47916666666666,66.0,0.98,3.44,2.46,2.8470833333333334,0.6917361111111111,3.44,1.0,2.0,1.0,1.7916666666666667,0.3298611111111111,2.0,0.0,4.0,4.0,2.833333333333333,1.4166666666666667,4.0,0.0,3.0,3.0,0.125,0.2395833333333333,0.0,0.0,0.0,0.0,0.0,0.0,0.0,1.0,6.0,5.0,4.75,1.5625,6.0,0.0,1.0,1.0,0.2083333333333333,0.3298611111111111,0.0,0.0,3.0,3.0,1.6666666666666667,0.8333333333333334,2.0,0.0,7.0,7.0,0.2916666666666667,0.5590277777777778,0.0,0.0,0.0,0.0,0.0,0.0,0.0,1.0,7.0,6.0,2.1666666666666665,0.6805555555555555,2.0,6.615,22.5702380952,15.9552380952,11.408928571420835,4.285892857131251,9.105,0.0,7.853,7.853,1.5796666666666666,2.106222222222222,0.0,0.0,0.0,0.0,0.0,0.0,0.0,2.0,229.0,227.0,58.75,73.45833333333333,12.0,-6.969312906669903
mp-2206511,LiSbS,0.0215305797222207,-0.8373178748263896,3.0,51.0,48.0,23.33333333333333,18.444444444444443,3.0,1.0,88.0,87.0,58.0,38.0,1.0,6.941,121.76,114.819,53.58866666666666,45.447555555555546,6.941,388.36,903.78,515.42,581.9433333333333,214.5577777777777,388.36,1.0,16.0,15.0,10.666666666666666,6.4444444444444455,1.0,2.0,5.0,3.0,3.333333333333333,1.1111111111111112,2.0,105.0,139.0,34.0,124.0,12.666666666666666,105.0,0.98,2.58,1.6,1.87,0.5933333333333334,0.98,1.0,2.0,1.0,1.6666666666666667,0.4444444444444444,1.0,0.0,4.0,4.0,2.333333333333333,1.5555555555555554,0.0,0.0,10.0,10.0,3.333333333333333,4.444444444444445,0.0,0.0,0.0,0.0,0.0,0.0,0.0,1.0,15.0,14.0,7.333333333333333,5.111111111111111,1.0,0.0,1.0,1.0,0.3333333333333333,0.4444444444444444,0.0,0.0,3.0,3.0,1.6666666666666667,1.111111111111111,0.0,0.0,0.0,0.0,0.0,0.0,0.0,0.0,0.0,0.0,0.0,0.0,0.0,1.0,3.0,2.0,2.0,0.6666666666666666,1.0,16.5933333333,31.56,14.9666666667,24.6467361111,5.368935185200001,16.5933333333,0.0,2.202,2.202,0.734,0.9786666666666668,0.0,0.0,0.0,0.0,0.0,0.0,0.0,70.0,229.0,159.0,155.0,56.66666666666666,70.0,-7.124841095859424
mp-1576319,LiMnP4(H2O7)2,0.0124501342708454,-2.255128458534825,1.0,25.0,24.0,8.5,3.5416666666666665,8.0,1.0,92.0,91.0,82.125,9.270833333333334,87.0,1.00794,54.938045,53.930105000000005,17.24156054166667,7.718774190972224,15.9994,14.01,1519.0,1504.99,169.38041666666666,185.46729166666668,54.8,1.0,16.0,15.0,12.333333333333334,5.166666666666667,16.0,1.0,4.0,3.0,2.083333333333333,0.4652777777777778,2.0,31.0,139.0,108.0,72.625,21.604166666666668,66.0,0.98,3.44,2.46,2.84375,0.695625,3.44,1.0,2.0,1.0,1.7916666666666667,0.3298611111111111,2.0,0.0,4.0,4.0,2.833333333333333,1.4166666666666667,4.0,0.0,5.0,5.0,0.2083333333333333,0.3993055555555555,0.0,0.0,0.0,0.0,0.0,0.0,0.0,1.0,7.0,6.0,4.833333333333333,1.5972222222222223,6.0,0.0,1.0,1.0,0.2083333333333333,0.3298611111111111,0.0,0.0,3.0,3.0,1.6666666666666667,0.8333333333333334,2.0,0.0,5.0,5.0,0.2083333333333333,0.3993055555555555,0.0,0.0,0.0,0.0,0.0,0.0,0.0,1.0,5.0,4.0,2.083333333333333,0.5486111111111112,2.0,6.615,22.5702380952,15.9552380952,11.303827996708334,4.196262144213194,9.105,0.0,7.853,7.853,1.5796666666666666,2.106222222222222,0.0,0.0,0.000310120689655,0.000310120689655,1.2921695402291666e-05,2.476658285439236e-05,0.0,2.0,229.0,227.0,58.25,72.70833333333333,12.0,-7.168681907052534
mp-768150,LiBi3(BrO2)2,0.0,-1.6181433653333344,3.0,83.0,80.0,35.4,28.56,8.0,1.0,95.0,94.0,79.7,15.739999999999998,87.0,6.941,208.9804,202.0394,85.76878,73.926972,15.9994,54.8,544.4,489.6,283.76899999999995,190.3628,54.8,1.0,17.0,16.0,14.4,2.68,16.0,2.0,6.0,4.0,3.6,1.6,2.0,66.0,148.0,82.0,107.6,33.28,66.0,0.98,3.44,2.46,2.672,0.7296,3.44,1.0,2.0,1.0,1.9,0.18,2.0,0.0,5.0,5.0,3.5,1.0,4.0,0.0,10.0,10.0,5.0,5.0,0.0,0.0,14.0,14.0,4.2,5.88,0.0,1.0,29.0,28.0,14.6,9.6,6.0,0.0,1.0,1.0,0.1,0.18,0.0,0.0,3.0,3.0,1.9,0.74,2.0,0.0,0.0,0.0,0.0,0.0,0.0,0.0,0.0,0.0,0.0,0.0,0.0,1.0,3.0,2.0,2.0,0.6,2.0,9.105,32.95,23.845,21.08233333333,10.47966666667,9.105,0.0,1.457,1.457,0.2914,0.46624,0.0,0.0,0.0,0.0,0.0,0.0,0.0,12.0,229.0,217.0,44.1,44.94000000000001,12.0,-7.187279170853774
mp-2912291,LiFe(PO3)4,0.0046359011111114,-2.2519006079761894,3.0,26.0,23.0,10.27777777777778,3.845679012345679,8.0,1.0,87.0,86.0,79.55555555555556,11.45679012345679,87.0,6.941,55.845,48.904,21.037436,8.283652,15.9994,54.8,1811.0,1756.2,232.86055555555555,237.41407407407405,54.8,1.0,16.0,15.0,14.5,2.2222222222222223,16.0,2.0,4.0,2.0,2.333333333333333,0.4814814814814815,2.0,66.0,132.0,66.0,82.22222222222223,21.629629629629637,66.0,0.98,3.44,2.46,2.936111111111112,0.6718518518518518,3.44,1.0,2.0,1.0,1.9444444444444444,0.1049382716049383,2.0,0.0,4.0,4.0,3.333333333333333,0.8888888888888888,4.0,0.0,6.0,6.0,0.3333333333333333,0.6296296296296295,0.0,0.0,0.0,0.0,0.0,0.0,0.0,1.0,8.0,7.0,5.611111111111111,0.7839506172839508,6.0,0.0,1.0,1.0,0.0555555555555555,0.1049382716049382,0.0,0.0,3.0,3.0,2.0,0.4444444444444444,2.0,0.0,4.0,4.0,0.2222222222222222,0.419753086419753,0.0,0.0,0.0,0.0,0.0,0.0,0.0,1.0,4.0,3.0,2.2777777777777777,0.5123456790123456,2.0,9.105,22.5702380952,13.4652380952,12.60357142856111,4.8729365079216045,9.105,0.0,1.625,1.625,0.3611111111111111,0.5617283950617283,0.0,0.0,2.1106628,2.1106628,0.1172590444444444,0.2214893061728395,0.0,2.0,229.0,227.0,33.888888888888886,43.358024691358025,12.0,-7.324813420001889
mp-2912355,LiSn(PO3)4,0.0222263691197106,-2.2465751263095246,3.0,50.0,47.0,11.61111111111111,5.771604938271604,8.0,1.0,87.0,86.0,80.94444444444444,8.987654320987655,87.0,6.941,118.71,111.769,24.529936,13.328374222222225,15.9994,54.8,505.08,450.28,160.30944444444447,140.67925925925928,54.8,1.0,16.0,15.0,14.833333333333334,1.629629629629629,16.0,2.0,5.0,3.0,2.388888888888889,0.5617283950617283,2.0,66.0,139.0,73.0,82.61111111111111,22.14814814814815,66.0,0.98,3.44,2.46,2.9433333333333334,0.6622222222222223,3.44,1.0,2.0,1.0,1.9444444444444444,0.1049382716049383,2.0,0.0,4.0,4.0,3.4444444444444446,0.7407407407407407,4.0,0.0,10.0,10.0,0.5555555555555556,1.0493827160493827,0.0,0.0,0.0,0.0,0.0,0.0,0.0,1.0,14.0,13.0,5.944444444444445,0.9691358024691356,6.0,0.0,1.0,1.0,0.0555555555555555,0.1049382716049382,0.0,0.0,4.0,4.0,2.2222222222222223,0.54320987654321,2.0,0.0,0.0,0.0,0.0,0.0,0.0,0.0,0.0,0.0,0.0,0.0,0.0,1.0,4.0,3.0,2.2777777777777777,0.5123456790123456,2.0,9.105,33.285,24.18,13.856626984116666,6.335502645488888,9.105,0.0,1.625,1.625,0.3611111111111111,0.5617283950617283,0.0,0.0,0.0,0.0,0.0,0.0,0.0,2.0,229.0,227.0,29.0,34.666666666666664,12.0,-7.520387617531688
mp-1643372,LiCo3(OF3)2,0.0469537775000006,-2.077750684861112,3.0,27.0,24.0,12.833333333333334,7.083333333333333,9.0,1.0,93.0,92.0,75.58333333333333,21.222222222222225,93.0,6.941,58.933195,51.992195,27.47748368333333,15.727855658333333,18.9984032,53.5,1768.0,1714.5,515.6908333333333,626.1545833333333,53.5,1.0,17.0,16.0,13.5,4.333333333333333,17.0,2.0,4.0,2.0,2.5,0.75,2.0,57.0,128.0,71.0,81.66666666666667,29.88888888888889,57.0,0.98,3.98,3.0,3.115,0.9733333333333336,3.98,1.0,2.0,1.0,1.9166666666666667,0.1527777777777777,2.0,0.0,5.0,5.0,3.1666666666666665,2.111111111111111,5.0,0.0,7.0,7.0,1.75,2.625,0.0,0.0,0.0,0.0,0.0,0.0,0.0,1.0,9.0,8.0,6.833333333333333,1.2500000000000002,7.0,0.0,1.0,1.0,0.0833333333333333,0.1527777777777777,0.0,0.0,2.0,2.0,0.8333333333333334,0.5555555555555555,1.0,0.0,3.0,3.0,0.75,1.125,0.0,0.0,0.0,0.0,0.0,0.0,0.0,1.0,3.0,2.0,1.6666666666666667,0.7777777777777778,1.0,9.105,16.5933333333,7.488333333299998,10.315277777775,1.0463425925875005,9.7075,0.0,1.97,1.97,0.985,0.985,1.97,0.0,1.5484712,1.5484712,0.3871178,0.5806767,0.0,12.0,229.0,217.0,77.08333333333333,83.77777777777779,15.0,-7.552532952448851
mp-1639002,LiCo3(OF3)2,0.0333926862500018,-2.091311776111111,3.0,27.0,24.0,12.833333333333334,7.083333333333333,9.0,1.0,93.0,92.0,75.58333333333333,21.222222222222225,93.0,6.941,58.933195,51.992195,27.47748368333333,15.727855658333333,18.9984032,53.5,1768.0,1714.5,515.6908333333333,626.1545833333333,53.5,1.0,17.0,16.0,13.5,4.333333333333333,17.0,2.0,4.0,2.0,2.5,0.75,2.0,57.0,128.0,71.0,81.66666666666667,29.88888888888889,57.0,0.98,3.98,3.0,3.115,0.9733333333333336,3.98,1.0,2.0,1.0,1.9166666666666667,0.1527777777777777,2.0,0.0,5.0,5.0,3.1666666666666665,2.111111111111111,5.0,0.0,7.0,7.0,1.75,2.625,0.0,0.0,0.0,0.0,0.0,0.0,0.0,1.0,9.0,8.0,6.833333333333333,1.2500000000000002,7.0,0.0,1.0,1.0,0.0833333333333333,0.1527777777777777,0.0,0.0,2.0,2.0,0.8333333333333334,0.5555555555555555,1.0,0.0,3.0,3.0,0.75,1.125,0.0,0.0,0.0,0.0,0.0,0.0,0.0,1.0,3.0,2.0,1.6666666666666667,0.7777777777777778,1.0,9.105,16.5933333333,7.488333333299998,10.315277777775,1.0463425925875005,9.7075,0.0,1.97,1.97,0.985,0.985,1.97,0.0,1.5484712,1.5484712,0.3871178,0.5806767,0.0,12.0,229.0,217.0,77.08333333333333,83.77777777777779,15.0,-7.552532952448851
mp-2468774,LiCuS,0.0244236020138881,-0.8843155786111101,3.0,29.0,26.0,16.0,8.666666666666666,3.0,1.0,88.0,87.0,51.0,33.333333333333336,1.0,6.941,63.546,56.605,34.184,19.57466666666667,6.941,388.36,1357.77,969.41,733.2733333333334,416.3311111111111,388.36,1.0,16.0,15.0,9.333333333333334,5.5555555555555545,1.0,2.0,4.0,2.0,3.0,0.6666666666666666,2.0,105.0,132.0,27.0,121.66666666666669,11.111111111111107,105.0,0.98,2.58,1.6,1.82,0.5599999999999999,0.98,1.0,2.0,1.0,1.3333333333333333,0.4444444444444444,1.0,0.0,4.0,4.0,1.3333333333333333,1.777777777777778,0.0,0.0,10.0,10.0,3.333333333333333,4.444444444444445,0.0,0.0,0.0,0.0,0.0,0.0,0.0,1.0,11.0,10.0,6.0,3.333333333333333,1.0,0.0,1.0,1.0,0.6666666666666666,0.4444444444444445,0.0,0.0,2.0,2.0,0.6666666666666666,0.888888888888889,0.0,0.0,0.0,0.0,0.0,0.0,0.0,0.0,0.0,0.0,0.0,0.0,0.0,1.0,2.0,1.0,1.3333333333333333,0.4444444444444444,1.0,11.07,25.786875,14.716874999999998,17.8167361111,5.313425925933333,11.07,0.0,2.202,2.202,0.734,0.9786666666666668,0.0,0.0,0.0,0.0,0.0,0.0,0.0,70.0,229.0,159.0,174.66666666666666,69.77777777777779,70.0,-7.839346084579136
mp-2724538,LiCuS,0.030070160347221,-0.8786690202777768,3.0,29.0,26.0,16.0,8.666666666666666,3.0,1.0,88.0,87.0,51.0,33.333333333333336,1.0,6.941,63.546,56.605,34.184,19.57466666666667,6.941,388.36,1357.77,969.41,733.2733333333334,416.3311111111111,388.36,1.0,16.0,15.0,9.333333333333334,5.5555555555555545,1.0,2.0,4.0,2.0,3.0,0.6666666666666666,2.0,105.0,132.0,27.0,121.66666666666669,11.111111111111107,105.0,0.98,2.58,1.6,1.82,0.5599999999999999,0.98,1.0,2.0,1.0,1.3333333333333333,0.4444444444444444,1.0,0.0,4.0,4.0,1.3333333333333333,1.777777777777778,0.0,0.0,10.0,10.0,3.333333333333333,4.444444444444445,0.0,0.0,0.0,0.0,0.0,0.0,0.0,1.0,11.0,10.0,6.0,3.333333333333333,1.0,0.0,1.0,1.0,0.6666666666666666,0.4444444444444445,0.0,0.0,2.0,2.0,0.6666666666666666,0.888888888888889,0.0,0.0,0.0,0.0,0.0,0.0,0.0,0.0,0.0,0.0,0.0,0.0,0.0,1.0,2.0,1.0,1.3333333333333333,0.4444444444444444,1.0,11.07,25.786875,14.716874999999998,17.8167361111,5.313425925933333,11.07,0.0,2.202,2.202,0.734,0.9786666666666668,0.0,0.0,0.0,0.0,0.0,0.0,0.0,70.0,229.0,159.0,174.66666666666666,69.77777777777779,70.0,-7.839346084579136
mp-1577040,LiMnP2HO7,0.0437273404166616,-2.4355616322333407,1.0,25.0,24.0,9.583333333333334,4.375,8.0,1.0,92.0,91.0,76.66666666666667,16.722222222222218,87.0,1.00794,54.938045,53.930105000000005,19.73585908333333,9.612998625,15.9994,14.01,1519.0,1504.99,250.40833333333333,267.6094444444445,54.8,1.0,16.0,15.0,12.583333333333334,4.791666666666667,16.0,1.0,4.0,3.0,2.25,0.5416666666666666,2.0,31.0,139.0,108.0,81.16666666666667,26.05555555555556,66.0,0.98,3.44,2.46,2.765833333333333,0.7865277777777777,3.44,1.0,2.0,1.0,1.8333333333333333,0.2777777777777778,2.0,0.0,4.0,4.0,2.833333333333333,1.4166666666666667,4.0,0.0,5.0,5.0,0.4166666666666667,0.763888888888889,0.0,0.0,0.0,0.0,0.0,0.0,0.0,1.0,7.0,6.0,5.083333333333333,1.388888888888889,6.0,0.0,1.0,1.0,0.1666666666666666,0.2777777777777777,0.0,0.0,3.0,3.0,1.6666666666666667,0.8333333333333334,2.0,0.0,5.0,5.0,0.4166666666666667,0.763888888888889,0.0,0.0,0.0,0.0,0.0,0.0,0.0,1.0,5.0,4.0,2.25,0.7083333333333334,2.0,6.615,22.5702380952,15.9552380952,11.880949644216663,4.348493431841665,9.105,0.0,7.853,7.853,0.92525,1.387875,0.0,0.0,0.000310120689655,0.000310120689655,2.584339080458333e-05,4.737954980840277e-05,0.0,2.0,229.0,227.0,60.66666666666666,76.33333333333333,12.0,-7.909593589036383
mp-2764466,Li(MoO2)2,0.0012586058333301,-2.0916065059523805,3.0,42.0,39.0,17.0,14.285714285714286,8.0,1.0,87.0,86.0,64.14285714285714,26.12244897959184,87.0,6.941,95.96,89.01899999999999,37.55122857142857,33.37644081632653,15.9994,54.8,2896.0,2841.2,923.5557142857142,1127.1110204081633,54.8,1.0,16.0,15.0,11.0,5.714285714285714,16.0,2.0,5.0,3.0,2.857142857142857,1.2244897959183674,2.0,66.0,154.0,88.0,100.0,38.85714285714285,66.0,0.98,3.44,2.46,2.7228571428571438,0.8195918367346938,3.44,1.0,2.0,1.0,1.5714285714285714,0.489795918367347,2.0,0.0,4.0,4.0,2.2857142857142856,1.959183673469388,4.0,0.0,5.0,5.0,1.4285714285714286,2.0408163265306123,0.0,0.0,0.0,0.0,0.0,0.0,0.0,1.0,6.0,5.0,5.285714285714286,1.2244897959183676,6.0,0.0,1.0,1.0,0.4285714285714285,0.4897959183673469,0.0,0.0,2.0,2.0,1.1428571428571428,0.979591836734694,2.0,0.0,5.0,5.0,1.4285714285714286,2.0408163265306123,0.0,0.0,0.0,0.0,0.0,0.0,0.0,1.0,6.0,5.0,3.0,1.7142857142857142,2.0,9.105,16.5933333333,7.488333333299998,12.056190476185716,3.372789115640816,9.105,0.0,0.0,0.0,0.0,0.0,0.0,0.0,0.0,0.0,0.0,0.0,0.0,12.0,229.0,217.0,105.0,106.28571428571428,12.0,-8.171442250506226
mp-1539853,LiV(OF)2,0.0,-2.717074635555562,3.0,23.0,20.0,10.0,4.333333333333333,8.0,1.0,93.0,92.0,67.83333333333333,29.55555555555556,87.0,6.941,50.9415,44.0005,21.31301773333333,9.876160755555556,15.9994,53.5,2183.0,2129.5,475.54833333333335,569.1505555555556,53.5,1.0,17.0,16.0,12.0,6.0,16.0,2.0,4.0,2.0,2.333333333333333,0.5555555555555557,2.0,57.0,153.0,96.0,87.83333333333333,35.11111111111111,57.0,0.98,3.98,3.0,2.908333333333333,1.0688888888888888,3.44,1.0,2.0,1.0,1.8333333333333333,0.2777777777777778,2.0,0.0,5.0,5.0,3.0,2.0,4.0,0.0,3.0,3.0,0.5,0.8333333333333334,0.0,0.0,0.0,0.0,0.0,0.0,0.0,1.0,7.0,6.0,5.333333333333333,1.5555555555555556,6.0,0.0,1.0,1.0,0.1666666666666666,0.2777777777777777,0.0,0.0,2.0,2.0,1.0,0.6666666666666666,1.0,0.0,7.0,7.0,1.1666666666666667,1.9444444444444449,0.0,0.0,0.0,0.0,0.0,0.0,0.0,1.0,7.0,6.0,2.333333333333333,1.5555555555555556,1.0,9.105,16.5933333333,7.488333333299998,11.204722222216668,2.3979629629555554,9.105,0.0,1.97,1.97,0.6566666666666666,0.8755555555555556,0.0,0.0,0.0,0.0,0.0,0.0,0.0,12.0,229.0,217.0,85.33333333333333,95.77777777777776,12.0,-8.177896898656662
mp-768074,LiTaWO6,0.0497772970833363,-2.660248955907408,3.0,74.0,71.0,22.0,22.88888888888889,8.0,1.0,87.0,86.0,69.11111111111111,23.85185185185185,87.0,6.941,183.84,176.899,51.96947555555556,57.9664286419753,15.9994,54.8,3695.0,3640.2,863.0544444444445,1168.6424691358025,54.8,1.0,16.0,15.0,12.0,5.333333333333333,16.0,2.0,6.0,4.0,2.888888888888889,1.382716049382716,2.0,66.0,170.0,104.0,95.11111111111111,38.81481481481482,66.0,0.98,3.44,2.46,2.831111111111112,0.8118518518518517,3.44,1.0,2.0,1.0,1.8888888888888888,0.1975308641975309,2.0,0.0,4.0,4.0,2.6666666666666665,1.7777777777777777,4.0,0.0,4.0,4.0,0.7777777777777778,1.2098765432098766,0.0,0.0,14.0,14.0,3.111111111111111,4.839506172839506,0.0,1.0,20.0,19.0,8.444444444444445,4.913580246913581,6.0,0.0,1.0,1.0,0.1111111111111111,0.1975308641975308,0.0,0.0,2.0,2.0,1.3333333333333333,0.8888888888888888,2.0,0.0,7.0,7.0,1.4444444444444444,2.2469135802469133,0.0,0.0,0.0,0.0,0.0,0.0,0.0,1.0,7.0,6.0,2.888888888888889,1.604938271604938,2.0,9.105,18.12,9.015,11.710370370366668,3.4738271604888893,9.105,0.0,0.0,0.0,0.0,0.0,0.0,0.0,0.0,0.0,0.0,0.0,0.0,12.0,229.0,217.0,84.33333333333333,96.44444444444444,12.0,-8.43486186355106
mp-1649939,LiMn(CO3)2,0.0433052862499865,-1.9409277796264377,3.0,25.0,22.0,8.8,3.2400000000000007,8.0,1.0,87.0,86.0,72.9,18.559999999999995,87.0,6.941,54.938045,47.997045,18.1896845,7.349672099999999,15.9994,54.8,3823.0,3768.2,994.749,1236.1506000000002,54.8,1.0,16.0,15.0,13.2,3.6800000000000006,16.0,2.0,4.0,2.0,2.2,0.3600000000000001,2.0,66.0,139.0,73.0,81.5,20.8,66.0,0.98,3.44,2.46,2.827,0.7356,3.44,1.0,2.0,1.0,1.9,0.18,2.0,0.0,4.0,4.0,2.8,1.44,4.0,0.0,5.0,5.0,0.5,0.9,0.0,0.0,0.0,0.0,0.0,0.0,0.0,1.0,7.0,6.0,5.2,1.3199999999999998,6.0,0.0,1.0,1.0,0.1,0.18,0.0,0.0,4.0,4.0,2.0,0.8,2.0,0.0,5.0,5.0,0.5,0.9,0.0,0.0,0.0,0.0,0.0,0.0,0.0,1.0,5.0,4.0,2.6,1.04,2.0,5.64,16.5933333333,10.953333333299998,9.29909195402,1.6965471264319991,9.105,0.0,4.496,4.496,0.8992000000000001,1.4387200000000002,0.0,0.0,0.000310120689655,0.000310120689655,3.10120689655e-05,5.58217241379e-05,0.0,12.0,229.0,217.0,90.6,94.32,12.0,-9.071206329323743
mp-2767497,LiV3O4,0.0442505612499992,-2.362258047083333,3.0,23.0,20.0,13.0,7.5,8.0,1.0,87.0,86.0,60.875,26.125,87.0,6.941,50.9415,44.0005,27.9703875,17.228334375,15.9994,54.8,2183.0,2128.2,902.73625,960.1978125,54.8,1.0,16.0,15.0,10.0,6.0,16.0,2.0,4.0,2.0,2.75,0.9375,2.0,66.0,153.0,87.0,106.375,40.375,66.0,0.98,3.44,2.46,2.45375,0.98625,3.44,1.0,2.0,1.0,1.875,0.21875,2.0,0.0,4.0,4.0,2.0,2.0,4.0,0.0,3.0,3.0,1.125,1.40625,0.0,0.0,0.0,0.0,0.0,0.0,0.0,1.0,6.0,5.0,5.0,1.0,6.0,0.0,1.0,1.0,0.125,0.21875,0.0,0.0,2.0,2.0,1.0,1.0,2.0,0.0,7.0,7.0,2.625,3.28125,0.0,0.0,0.0,0.0,0.0,0.0,0.0,1.0,7.0,6.0,3.75,2.4375,2.0,9.105,16.5933333333,7.488333333299998,11.5054166666625,2.4004166666624998,9.105,0.0,0.0,0.0,0.0,0.0,0.0,0.0,0.0,0.0,0.0,0.0,0.0,12.0,229.0,217.0,120.5,108.5,12.0,-9.081099916186881
mp-1651026,LiFePH2O5,0.0408764117500002,-2.07905169654762,1.0,26.0,25.0,8.6,4.76,8.0,1.0,92.0,91.0,75.8,19.12,87.0,1.00794,55.845,54.83706,17.5772642,10.33284672,15.9994,14.01,1811.0,1796.99,288.401,343.3574,54.8,1.0,16.0,15.0,10.6,6.279999999999999,16.0,1.0,4.0,3.0,2.1,0.5599999999999999,2.0,31.0,132.0,101.0,75.9,27.860000000000003,66.0,0.98,3.44,2.46,2.66,0.7799999999999999,3.44,1.0,2.0,1.0,1.7,0.42,2.0,0.0,4.0,4.0,2.3,1.84,4.0,0.0,6.0,6.0,0.6,1.08,0.0,0.0,0.0,0.0,0.0,0.0,0.0,1.0,8.0,7.0,4.6,2.16,6.0,0.0,1.0,1.0,0.3,0.42,0.0,0.0,3.0,3.0,1.3,1.04,2.0,0.0,4.0,4.0,0.4,0.72,0.0,0.0,0.0,0.0,0.0,0.0,0.0,1.0,4.0,3.0,2.0,0.6,2.0,6.615,22.5702380952,15.9552380952,10.86485714285,3.48677142856,9.105,0.0,7.853,7.853,1.7331,2.44796,0.0,0.0,2.1106628,2.1106628,0.21106628,0.379919304,0.0,2.0,229.0,227.0,90.8,96.56,12.0,-9.40997306505229
mp-1540429,LiBiO2,0.0,-1.842064596458333,3.0,83.0,80.0,25.5,28.75,8.0,1.0,87.0,86.0,65.25,32.125,87.0,6.941,208.9804,202.0394,61.98005,73.500175,15.9994,54.8,544.4,489.6,276.9225,222.1225,54.8,1.0,16.0,15.0,12.0,5.5,16.0,2.0,6.0,4.0,3.0,1.5,2.0,66.0,148.0,82.0,102.0,36.0,66.0,0.98,3.44,2.46,2.47,0.97,3.44,1.0,2.0,1.0,1.75,0.375,2.0,0.0,4.0,4.0,2.75,1.375,4.0,0.0,10.0,10.0,2.5,3.75,0.0,0.0,14.0,14.0,3.5,5.25,0.0,1.0,29.0,28.0,10.5,9.25,6.0,0.0,1.0,1.0,0.25,0.375,0.0,0.0,3.0,3.0,1.75,0.875,2.0,0.0,0.0,0.0,0.0,0.0,0.0,0.0,0.0,0.0,0.0,0.0,0.0,1.0,3.0,2.0,2.0,0.5,2.0,9.105,32.95,23.845,16.938333333324998,8.005833333337499,9.105,0.0,0.0,0.0,0.0,0.0,0.0,0.0,0.0,0.0,0.0,0.0,0.0,12.0,229.0,217.0,66.25,81.375,12.0,-9.801272871640048
mp-1639950,LiMn2O3,0.0430933562500008,-2.0743432086159004,3.0,25.0,22.0,12.833333333333334,8.11111111111111,8.0,1.0,87.0,86.0,61.0,26.0,87.0,6.941,54.938045,47.997045,27.469215,18.312553333333337,15.9994,54.8,1519.0,1464.2,609.3483333333334,606.4344444444445,54.8,1.0,16.0,15.0,10.5,5.5,16.0,2.0,4.0,2.0,2.6666666666666665,0.8888888888888888,2.0,66.0,139.0,73.0,100.66666666666669,34.666666666666664,66.0,0.98,3.44,2.46,2.4,1.04,3.44,1.0,2.0,1.0,1.8333333333333333,0.2777777777777778,2.0,0.0,4.0,4.0,2.0,2.0,4.0,0.0,5.0,5.0,1.6666666666666667,2.222222222222222,0.0,0.0,0.0,0.0,0.0,0.0,0.0,1.0,7.0,6.0,5.5,1.5,6.0,0.0,1.0,1.0,0.1666666666666666,0.2777777777777778,0.0,0.0,2.0,2.0,1.0,1.0,2.0,0.0,5.0,5.0,1.6666666666666667,2.222222222222222,0.0,0.0,0.0,0.0,0.0,0.0,0.0,1.0,5.0,4.0,2.833333333333333,1.4444444444444444,2.0,9.105,16.5933333333,7.488333333299998,10.813917624516668,1.926471902927778,9.105,0.0,0.0,0.0,0.0,0.0,0.0,0.0,0.000310120689655,0.000310120689655,0.0001033735632183,0.0001378314176244,0.0,12.0,229.0,217.0,116.5,104.5,12.0,-10.099072152283947
mp-1639919,LiMn2O3,0.0432618895833343,-2.074174675282567,3.0,25.0,22.0,12.833333333333334,8.11111111111111,8.0,1.0,87.0,86.0,61.0,26.0,87.0,6.941,54.938045,47.997045,27.469215,18.312553333333337,15.9994,54.8,1519.0,1464.2,609.3483333333334,606.4344444444445,54.8,1.0,16.0,15.0,10.5,5.5,16.0,2.0,4.0,2.0,2.6666666666666665,0.8888888888888888,2.0,66.0,139.0,73.0,100.66666666666669,34.666666666666664,66.0,0.98,3.44,2.46,2.4,1.04,3.44,1.0,2.0,1.0,1.8333333333333333,0.2777777777777778,2.0,0.0,4.0,4.0,2.0,2.0,4.0,0.0,5.0,5.0,1.6666666666666667,2.222222222222222,0.0,0.0,0.0,0.0,0.0,0.0,0.0,1.0,7.0,6.0,5.5,1.5,6.0,0.0,1.0,1.0,0.1666666666666666,0.2777777777777778,0.0,0.0,2.0,2.0,1.0,1.0,2.0,0.0,5.0,5.0,1.6666666666666667,2.222222222222222,0.0,0.0,0.0,0.0,0.0,0.0,0.0,1.0,5.0,4.0,2.833333333333333,1.4444444444444444,2.0,9.105,16.5933333333,7.488333333299998,10.813917624516668,1.926471902927778,9.105,0.0,0.0,0.0,0.0,0.0,0.0,0.0,0.000310120689655,0.000310120689655,0.0001033735632183,0.0001378314176244,0.0,12.0,229.0,217.0,116.5,104.5,12.0,-10.099072152283947
mp-1981564,NaLiTi3O7,0.0006538564583529,-3.2052685045593865,3.0,22.0,19.0,11.333333333333334,5.333333333333333,8.0,1.0,87.0,86.0,61.75,29.45833333333333,87.0,6.941,47.867,40.926,23.793964106666664,12.036517946666663,15.9994,54.8,1941.0,1886.2,585.93,677.535,54.8,1.0,16.0,15.0,10.5,6.416666666666667,16.0,2.0,4.0,2.0,2.583333333333333,0.7777777777777778,2.0,66.0,166.0,100.0,103.0,43.16666666666666,66.0,0.93,3.44,2.51,2.5508333333333333,1.0373611111111112,3.44,1.0,2.0,1.0,1.8333333333333333,0.2777777777777778,2.0,0.0,4.0,4.0,2.333333333333333,1.9444444444444449,4.0,0.0,2.0,2.0,0.5,0.75,0.0,0.0,0.0,0.0,0.0,0.0,0.0,1.0,6.0,5.0,4.666666666666667,1.5555555555555556,6.0,0.0,1.0,1.0,0.1666666666666666,0.2777777777777778,0.0,0.0,2.0,2.0,1.1666666666666667,0.9722222222222224,2.0,0.0,8.0,8.0,2.0,3.0,0.0,0.0,0.0,0.0,0.0,0.0,0.0,1.0,8.0,7.0,3.333333333333333,2.333333333333333,2.0,9.105,29.2433333333,20.1383333333,13.303472222216667,4.898217592586112,9.105,0.0,0.0,0.0,0.0,0.0,0.0,0.0,2.25333333333e-05,2.25333333333e-05,5.633333333325e-06,8.4499999999875e-06,0.0,12.0,229.0,217.0,93.66666666666669,95.2777777777778,12.0,-10.234572904256972
mp-2900776,LiCu4(PO4)3,0.0158059457916657,-1.8042510384047603,3.0,29.0,26.0,13.0,7.0,8.0,1.0,87.0,86.0,77.5,13.05,87.0,6.941,63.546,56.605,27.3019543,15.599160590000002,15.9994,54.8,1357.77,1302.97,374.7135,401.12025,54.8,1.0,16.0,15.0,14.1,2.5500000000000003,16.0,2.0,4.0,2.0,2.55,0.715,2.0,66.0,132.0,66.0,88.45,26.94,66.0,0.98,3.44,2.46,2.8215,0.7422000000000001,3.44,1.0,2.0,1.0,1.75,0.375,2.0,0.0,4.0,4.0,2.85,1.425,4.0,0.0,10.0,10.0,2.0,3.2,0.0,0.0,0.0,0.0,0.0,0.0,0.0,1.0,11.0,10.0,6.6,1.7599999999999998,6.0,0.0,1.0,1.0,0.25,0.375,0.0,0.0,3.0,3.0,1.65,0.825,2.0,0.0,0.0,0.0,0.0,0.0,0.0,0.0,0.0,0.0,0.0,0.0,0.0,1.0,3.0,2.0,1.9,0.45,2.0,9.105,22.5702380952,13.4652380952,11.892202380945,3.673523809512,9.105,0.0,1.625,1.625,0.24375,0.414375,0.0,0.0,0.0,0.0,0.0,0.0,0.0,2.0,229.0,227.0,63.95,80.925,12.0,-10.373494900548566
mp-2348641,LiNiO2,0.0,-1.4979912991666673,3.0,28.0,25.0,11.75,8.125,8.0,1.0,87.0,86.0,59.0,29.0,87.0,6.941,58.6934,51.7524,24.4083,17.14255,15.9994,54.8,1728.0,1673.2,572.8225,577.58875,54.8,1.0,16.0,15.0,10.75,5.25,16.0,2.0,4.0,2.0,2.5,0.75,2.0,66.0,128.0,62.0,96.0,30.0,66.0,0.98,3.44,2.46,2.4425,0.9975,3.44,1.0,2.0,1.0,1.75,0.375,2.0,0.0,4.0,4.0,2.0,2.0,4.0,0.0,8.0,8.0,2.0,3.0,0.0,0.0,0.0,0.0,0.0,0.0,0.0,1.0,10.0,9.0,5.75,2.375,6.0,0.0,1.0,1.0,0.25,0.375,0.0,0.0,2.0,2.0,1.0,1.0,2.0,0.0,2.0,2.0,0.5,0.75,0.0,0.0,0.0,0.0,0.0,0.0,0.0,1.0,2.0,1.0,1.75,0.375,2.0,9.105,16.5933333333,7.488333333299998,11.280833333325,2.656249999987499,9.105,0.0,0.0,0.0,0.0,0.0,0.0,0.0,0.5953947,0.5953947,0.148848675,0.2232730125,0.0,12.0,229.0,217.0,119.5,107.5,12.0,-10.40708520091608
mp-2861076,LiMnO2,0.039987281250001,-2.119882682816092,3.0,25.0,22.0,11.0,7.0,8.0,1.0,87.0,86.0,56.75,30.25,87.0,6.941,54.938045,47.997045,23.46946125,15.734291875,15.9994,54.8,1519.0,1464.2,520.5725,499.21375,54.8,1.0,16.0,15.0,10.0,6.0,16.0,2.0,4.0,2.0,2.5,0.75,2.0,66.0,139.0,73.0,99.75,33.75,66.0,0.98,3.44,2.46,2.3525,1.0875,3.44,1.0,2.0,1.0,1.75,0.375,2.0,0.0,4.0,4.0,2.0,2.0,4.0,0.0,5.0,5.0,1.25,1.875,0.0,0.0,0.0,0.0,0.0,0.0,0.0,1.0,7.0,6.0,5.0,2.0,6.0,0.0,1.0,1.0,0.25,0.375,0.0,0.0,2.0,2.0,1.0,1.0,2.0,0.0,5.0,5.0,1.25,1.875,0.0,0.0,0.0,0.0,0.0,0.0,0.0,1.0,5.0,4.0,2.5,1.25,2.0,9.105,16.5933333333,7.488333333299998,11.32272988505,2.635301724125,9.105,0.0,0.0,0.0,0.0,0.0,0.0,0.0,0.000310120689655,0.000310120689655,7.753017241375e-05,0.0001162952586206,0.0,12.0,229.0,217.0,117.5,105.5,12.0,-10.780171673446945
mp-2506805,LiMnO2,0.0292709262499997,-2.130599037816093,3.0,25.0,22.0,11.0,7.0,8.0,1.0,87.0,86.0,56.75,30.25,87.0,6.941,54.938045,47.997045,23.46946125,15.734291875,15.9994,54.8,1519.0,1464.2,520.5725,499.21375,54.8,1.0,16.0,15.0,10.0,6.0,16.0,2.0,4.0,2.0,2.5,0.75,2.0,66.0,139.0,73.0,99.75,33.75,66.0,0.98,3.44,2.46,2.3525,1.0875,3.44,1.0,2.0,1.0,1.75,0.375,2.0,0.0,4.0,4.0,2.0,2.0,4.0,0.0,5.0,5.0,1.25,1.875,0.0,0.0,0.0,0.0,0.0,0.0,0.0,1.0,7.0,6.0,5.0,2.0,6.0,0.0,1.0,1.0,0.25,0.375,0.0,0.0,2.0,2.0,1.0,1.0,2.0,0.0,5.0,5.0,1.25,1.875,0.0,0.0,0.0,0.0,0.0,0.0,0.0,1.0,5.0,4.0,2.5,1.25,2.0,9.105,16.5933333333,7.488333333299998,11.32272988505,2.635301724125,9.105,0.0,0.0,0.0,0.0,0.0,0.0,0.0,0.000310120689655,0.000310120689655,7.753017241375e-05,0.0001162952586206,0.0,12.0,229.0,217.0,117.5,105.5,12.0,-10.780171673446945
mp-1639253,LiNi2O3,0.0033994743055574,-1.401289825138889,3.0,28.0,25.0,13.833333333333334,9.444444444444445,8.0,1.0,87.0,86.0,64.0,23.0,87.0,6.941,58.6934,51.7524,28.721,19.9816,15.9994,54.8,1728.0,1673.2,679.015,699.3233333333334,54.8,1.0,16.0,15.0,11.5,4.5,16.0,2.0,4.0,2.0,2.6666666666666665,0.8888888888888888,2.0,66.0,128.0,62.0,95.66666666666669,29.666666666666668,66.0,0.98,3.44,2.46,2.52,0.92,3.44,1.0,2.0,1.0,1.8333333333333333,0.2777777777777778,2.0,0.0,4.0,4.0,2.0,2.0,4.0,0.0,8.0,8.0,2.6666666666666665,3.555555555555556,0.0,0.0,0.0,0.0,0.0,0.0,0.0,1.0,10.0,9.0,6.5,2.333333333333333,6.0,0.0,1.0,1.0,0.1666666666666666,0.2777777777777778,0.0,0.0,2.0,2.0,1.0,1.0,2.0,0.0,2.0,2.0,0.6666666666666666,0.888888888888889,0.0,0.0,0.0,0.0,0.0,0.0,0.0,1.0,2.0,1.0,1.8333333333333333,0.2777777777777778,2.0,9.105,16.5933333333,7.488333333299998,10.75805555555,1.9450925925833324,9.105,0.0,0.0,0.0,0.0,0.0,0.0,0.0,0.5953947,0.5953947,0.1984649,0.2646198666666666,0.0,12.0,229.0,217.0,119.16666666666669,107.16666666666669,12.0,-10.967910707500804
mp-1644676,LiNi2O3,0.0077739172222237,-1.396915382222223,3.0,28.0,25.0,13.833333333333334,9.444444444444445,8.0,1.0,87.0,86.0,64.0,23.0,87.0,6.941,58.6934,51.7524,28.721,19.9816,15.9994,54.8,1728.0,1673.2,679.015,699.3233333333334,54.8,1.0,16.0,15.0,11.5,4.5,16.0,2.0,4.0,2.0,2.6666666666666665,0.8888888888888888,2.0,66.0,128.0,62.0,95.66666666666669,29.666666666666668,66.0,0.98,3.44,2.46,2.52,0.92,3.44,1.0,2.0,1.0,1.8333333333333333,0.2777777777777778,2.0,0.0,4.0,4.0,2.0,2.0,4.0,0.0,8.0,8.0,2.6666666666666665,3.555555555555556,0.0,0.0,0.0,0.0,0.0,0.0,0.0,1.0,10.0,9.0,6.5,2.333333333333333,6.0,0.0,1.0,1.0,0.1666666666666666,0.2777777777777778,0.0,0.0,2.0,2.0,1.0,1.0,2.0,0.0,2.0,2.0,0.6666666666666666,0.888888888888889,0.0,0.0,0.0,0.0,0.0,0.0,0.0,1.0,2.0,1.0,1.8333333333333333,0.2777777777777778,2.0,9.105,16.5933333333,7.488333333299998,10.75805555555,1.9450925925833324,9.105,0.0,0.0,0.0,0.0,0.0,0.0,0.0,0.5953947,0.5953947,0.1984649,0.2646198666666666,0.0,12.0,229.0,217.0,119.16666666666669,107.16666666666669,12.0,-10.967910707500804
mp-2760269,LiNi3O4,0.0,-1.387792960833334,3.0,28.0,25.0,14.875,9.84375,8.0,1.0,87.0,86.0,66.5,20.5,87.0,6.941,58.6934,51.7524,30.87735,20.8620375,15.9994,54.8,1728.0,1673.2,732.1112499999999,746.9165625,54.8,1.0,16.0,15.0,11.875,4.125,16.0,2.0,4.0,2.0,2.75,0.9375,2.0,66.0,128.0,62.0,95.5,29.5,66.0,0.98,3.44,2.46,2.55875,0.88125,3.44,1.0,2.0,1.0,1.875,0.21875,2.0,0.0,4.0,4.0,2.0,2.0,4.0,0.0,8.0,8.0,3.0,3.75,0.0,0.0,0.0,0.0,0.0,0.0,0.0,1.0,10.0,9.0,6.875,2.34375,6.0,0.0,1.0,1.0,0.125,0.21875,0.0,0.0,2.0,2.0,1.0,1.0,2.0,0.0,2.0,2.0,0.75,0.9375,0.0,0.0,0.0,0.0,0.0,0.0,0.0,1.0,2.0,1.0,1.875,0.21875,2.0,9.105,16.5933333333,7.488333333299998,10.4966666666625,1.524166666659375,9.105,0.0,0.0,0.0,0.0,0.0,0.0,0.0,0.5953947,0.5953947,0.2232730125,0.279091265625,0.0,12.0,229.0,217.0,119.0,107.0,12.0,-11.098935816245511
mp-1575674,LiMnBO3,0.0497844825000015,-2.465175132155172,3.0,25.0,22.0,9.5,5.166666666666667,8.0,1.0,87.0,86.0,64.33333333333333,25.222222222222225,87.0,6.941,54.938045,47.997045,20.1147075,11.607779166666669,15.9994,54.8,2348.0,2293.2,747.515,790.6566666666668,54.8,1.0,16.0,15.0,11.5,5.0,16.0,2.0,4.0,2.0,2.333333333333333,0.5555555555555557,2.0,66.0,139.0,73.0,91.5,28.0,66.0,0.98,3.44,2.46,2.481666666666667,0.9583333333333334,3.44,1.0,2.0,1.0,1.8333333333333333,0.2777777777777778,2.0,0.0,4.0,4.0,2.1666666666666665,1.8333333333333333,4.0,0.0,5.0,5.0,0.8333333333333334,1.3888888888888886,0.0,0.0,0.0,0.0,0.0,0.0,0.0,1.0,7.0,6.0,4.833333333333333,1.888888888888889,6.0,0.0,1.0,1.0,0.1666666666666666,0.2777777777777778,0.0,0.0,5.0,5.0,1.8333333333333333,1.2222222222222223,2.0,0.0,5.0,5.0,0.8333333333333334,1.3888888888888886,0.0,0.0,0.0,0.0,0.0,0.0,0.0,1.0,5.0,4.0,2.833333333333333,1.4444444444444444,2.0,7.1725,16.5933333333,9.4208333333,10.2614032567,2.1860376755999997,9.105,0.0,1.524,1.524,0.254,0.4233333333333333,0.0,0.0,0.000310120689655,0.000310120689655,5.168678160916666e-05,8.614463601527778e-05,0.0,12.0,229.0,217.0,108.0,96.0,12.0,-11.529688704633388
mp-1665344,LiNiPO4,0.0007400303571429,-2.364308116853741,3.0,28.0,25.0,11.142857142857142,5.918367346938775,8.0,1.0,87.0,86.0,70.42857142857143,22.53061224489796,87.0,6.941,58.6934,51.7524,22.943680285714287,12.508514693877553,15.9994,54.8,1728.0,1673.2,388.3128571428571,401.4469387755102,54.8,1.0,16.0,15.0,12.857142857142858,4.204081632653061,16.0,2.0,4.0,2.0,2.4285714285714284,0.6122448979591836,2.0,66.0,128.0,62.0,89.0,26.285714285714285,66.0,0.98,3.44,2.46,2.6914285714285717,0.8555102040816328,3.44,1.0,2.0,1.0,1.8571428571428568,0.2448979591836734,2.0,0.0,4.0,4.0,2.7142857142857144,1.5510204081632657,4.0,0.0,8.0,8.0,1.1428571428571428,1.959183673469388,0.0,0.0,0.0,0.0,0.0,0.0,0.0,1.0,10.0,9.0,5.714285714285714,1.5510204081632657,6.0,0.0,1.0,1.0,0.1428571428571428,0.2448979591836734,0.0,0.0,3.0,3.0,1.5714285714285714,0.8979591836734694,2.0,0.0,2.0,2.0,0.2857142857142857,0.4897959183673469,0.0,0.0,0.0,0.0,0.0,0.0,0.0,1.0,3.0,2.0,2.0,0.2857142857142857,2.0,9.105,22.5702380952,13.4652380952,12.2719387755,4.177055393571428,9.105,0.0,1.625,1.625,0.2321428571428571,0.3979591836734694,0.0,0.0,0.5953947,0.5953947,0.0850563857142857,0.1458109469387755,0.0,2.0,229.0,227.0,72.0,88.57142857142857,12.0,-11.691047439742468
mp-1662205,LiCoPO4,0.0272290328571367,-2.37686091542517,3.0,27.0,24.0,11.0,5.714285714285714,8.0,1.0,87.0,86.0,70.0,23.142857142857142,87.0,6.941,58.933195,51.992195,22.977936714285715,12.557452448979593,15.9994,54.8,1768.0,1713.2,394.0271428571429,409.6102040816326,54.8,1.0,16.0,15.0,12.714285714285714,4.408163265306123,16.0,2.0,4.0,2.0,2.4285714285714284,0.6122448979591836,2.0,66.0,128.0,62.0,89.28571428571429,26.612244897959183,66.0,0.98,3.44,2.46,2.687142857142857,0.8604081632653061,3.44,1.0,2.0,1.0,1.8571428571428568,0.2448979591836734,2.0,0.0,4.0,4.0,2.7142857142857144,1.5510204081632657,4.0,0.0,7.0,7.0,1.0,1.7142857142857142,0.0,0.0,0.0,0.0,0.0,0.0,0.0,1.0,9.0,8.0,5.571428571428571,1.469387755102041,6.0,0.0,1.0,1.0,0.1428571428571428,0.2448979591836734,0.0,0.0,3.0,3.0,1.5714285714285714,0.8979591836734694,2.0,0.0,3.0,3.0,0.4285714285714285,0.7346938775510203,0.0,0.0,0.0,0.0,0.0,0.0,0.0,1.0,3.0,2.0,2.142857142857143,0.4897959183673469,2.0,9.105,22.5702380952,13.4652380952,12.261224489785716,4.18317784255102,9.105,0.0,1.625,1.625,0.2321428571428571,0.3979591836734694,0.0,0.0,1.5484712,1.5484712,0.2212101714285714,0.3792174367346939,0.0,2.0,229.0,227.0,67.57142857142857,82.24489795918369,12.0,-11.846553046164649
mp-1661354,LiCoPO4,0.0275286253571369,-2.37656132292517,3.0,27.0,24.0,11.0,5.714285714285714,8.0,1.0,87.0,86.0,70.0,23.142857142857142,87.0,6.941,58.933195,51.992195,22.977936714285715,12.557452448979593,15.9994,54.8,1768.0,1713.2,394.0271428571429,409.6102040816326,54.8,1.0,16.0,15.0,12.714285714285714,4.408163265306123,16.0,2.0,4.0,2.0,2.4285714285714284,0.6122448979591836,2.0,66.0,128.0,62.0,89.28571428571429,26.612244897959183,66.0,0.98,3.44,2.46,2.687142857142857,0.8604081632653061,3.44,1.0,2.0,1.0,1.8571428571428568,0.2448979591836734,2.0,0.0,4.0,4.0,2.7142857142857144,1.5510204081632657,4.0,0.0,7.0,7.0,1.0,1.7142857142857142,0.0,0.0,0.0,0.0,0.0,0.0,0.0,1.0,9.0,8.0,5.571428571428571,1.469387755102041,6.0,0.0,1.0,1.0,0.1428571428571428,0.2448979591836734,0.0,0.0,3.0,3.0,1.5714285714285714,0.8979591836734694,2.0,0.0,3.0,3.0,0.4285714285714285,0.7346938775510203,0.0,0.0,0.0,0.0,0.0,0.0,0.0,1.0,3.0,2.0,2.142857142857143,0.4897959183673469,2.0,9.105,22.5702380952,13.4652380952,12.261224489785716,4.18317784255102,9.105,0.0,1.625,1.625,0.2321428571428571,0.3979591836734694,0.0,0.0,1.5484712,1.5484712,0.2212101714285714,0.3792174367346939,0.0,2.0,229.0,227.0,67.57142857142857,82.24489795918369,12.0,-11.846553046164649
mp-1666120,LiCrPO4,0.0055055327678505,-2.565884644353741,3.0,24.0,21.0,10.571428571428571,5.1020408163265305,8.0,1.0,87.0,86.0,68.71428571428571,24.9795918367347,87.0,6.941,51.9961,45.0551,21.986923142857144,11.141718775510205,15.9994,54.8,2180.0,2125.2,452.88428571428574,493.6918367346938,54.8,1.0,16.0,15.0,12.285714285714286,5.020408163265306,16.0,2.0,4.0,2.0,2.4285714285714284,0.6122448979591836,2.0,66.0,139.0,73.0,91.14285714285714,28.73469387755102,66.0,0.98,3.44,2.46,2.6557142857142857,0.8963265306122449,3.44,1.0,2.0,1.0,1.7142857142857142,0.4081632653061225,2.0,0.0,4.0,4.0,2.7142857142857144,1.5510204081632657,4.0,0.0,5.0,5.0,0.7142857142857143,1.2244897959183674,0.0,0.0,0.0,0.0,0.0,0.0,0.0,1.0,6.0,5.0,5.142857142857143,1.2244897959183672,6.0,0.0,1.0,1.0,0.2857142857142857,0.4081632653061224,0.0,0.0,3.0,3.0,1.5714285714285714,0.8979591836734694,2.0,0.0,5.0,5.0,0.7142857142857143,1.2244897959183674,0.0,0.0,0.0,0.0,0.0,0.0,0.0,1.0,6.0,5.0,2.571428571428572,1.1020408163265307,2.0,9.105,22.5702380952,13.4652380952,12.396224489785714,4.106034985408163,9.105,0.0,1.625,1.625,0.2321428571428571,0.3979591836734694,0.0,0.0,0.0,0.0,0.0,0.0,0.0,2.0,229.0,227.0,72.57142857142857,89.38775510204083,12.0,-12.008581826588129
mp-1663809,LiMnPO4,0.0332698546428504,-2.6001588787010337,3.0,25.0,22.0,10.714285714285714,5.306122448979592,8.0,1.0,87.0,86.0,69.14285714285714,24.367346938775512,87.0,6.941,54.938045,47.997045,22.407201000000004,11.742115714285717,15.9994,54.8,1519.0,1464.2,358.4557142857143,358.79387755102044,54.8,1.0,16.0,15.0,12.428571428571429,4.816326530612245,16.0,2.0,4.0,2.0,2.4285714285714284,0.6122448979591836,2.0,66.0,139.0,73.0,91.14285714285714,28.73469387755102,66.0,0.98,3.44,2.46,2.64,0.9142857142857144,3.44,1.0,2.0,1.0,1.8571428571428568,0.2448979591836734,2.0,0.0,4.0,4.0,2.7142857142857144,1.5510204081632657,4.0,0.0,5.0,5.0,0.7142857142857143,1.2244897959183674,0.0,0.0,0.0,0.0,0.0,0.0,0.0,1.0,7.0,6.0,5.285714285714286,1.3061224489795915,6.0,0.0,1.0,1.0,0.1428571428571428,0.2448979591836734,0.0,0.0,3.0,3.0,1.5714285714285714,0.8979591836734694,2.0,0.0,5.0,5.0,0.7142857142857143,1.2244897959183674,0.0,0.0,0.0,0.0,0.0,0.0,0.0,1.0,5.0,4.0,2.4285714285714284,0.8979591836734693,2.0,9.105,22.5702380952,13.4652380952,12.2958796622,4.163374886885713,9.105,0.0,1.625,1.625,0.2321428571428571,0.3979591836734694,0.0,0.0,0.000310120689655,0.000310120689655,4.4302955665e-05,7.594792399714285e-05,0.0,2.0,229.0,227.0,70.85714285714286,86.93877551020408,12.0,-12.682211756822761
mp-1663944,LiMnPO4,0.023136596785708,-2.610292136558176,3.0,25.0,22.0,10.714285714285714,5.306122448979592,8.0,1.0,87.0,86.0,69.14285714285714,24.367346938775512,87.0,6.941,54.938045,47.997045,22.407201000000004,11.742115714285717,15.9994,54.8,1519.0,1464.2,358.4557142857143,358.79387755102044,54.8,1.0,16.0,15.0,12.428571428571429,4.816326530612245,16.0,2.0,4.0,2.0,2.4285714285714284,0.6122448979591836,2.0,66.0,139.0,73.0,91.14285714285714,28.73469387755102,66.0,0.98,3.44,2.46,2.64,0.9142857142857144,3.44,1.0,2.0,1.0,1.8571428571428568,0.2448979591836734,2.0,0.0,4.0,4.0,2.7142857142857144,1.5510204081632657,4.0,0.0,5.0,5.0,0.7142857142857143,1.2244897959183674,0.0,0.0,0.0,0.0,0.0,0.0,0.0,1.0,7.0,6.0,5.285714285714286,1.3061224489795915,6.0,0.0,1.0,1.0,0.1428571428571428,0.2448979591836734,0.0,0.0,3.0,3.0,1.5714285714285714,0.8979591836734694,2.0,0.0,5.0,5.0,0.7142857142857143,1.2244897959183674,0.0,0.0,0.0,0.0,0.0,0.0,0.0,1.0,5.0,4.0,2.4285714285714284,0.8979591836734693,2.0,9.105,22.5702380952,13.4652380952,12.2958796622,4.163374886885713,9.105,0.0,1.625,1.625,0.2321428571428571,0.3979591836734694,0.0,0.0,0.000310120689655,0.000310120689655,4.4302955665e-05,7.594792399714285e-05,0.0,2.0,229.0,227.0,70.85714285714286,86.93877551020408,12.0,-12.682211756822761
mp-1661570,LiFePO4,0.0287534142857133,-2.451142600425169,3.0,26.0,23.0,10.857142857142858,5.5102040816326525,8.0,1.0,87.0,86.0,69.57142857142857,23.755102040816325,87.0,6.941,55.845,48.904,22.536766,11.92720857142857,15.9994,54.8,1811.0,1756.2,400.17,418.38571428571424,54.8,1.0,16.0,15.0,12.571428571428571,4.612244897959184,16.0,2.0,4.0,2.0,2.4285714285714284,0.6122448979591836,2.0,66.0,132.0,66.0,90.14285714285714,27.59183673469388,66.0,0.98,3.44,2.46,2.68,0.8685714285714285,3.44,1.0,2.0,1.0,1.8571428571428568,0.2448979591836734,2.0,0.0,4.0,4.0,2.7142857142857144,1.5510204081632657,4.0,0.0,6.0,6.0,0.8571428571428571,1.469387755102041,0.0,0.0,0.0,0.0,0.0,0.0,0.0,1.0,8.0,7.0,5.428571428571429,1.3877551020408163,6.0,0.0,1.0,1.0,0.1428571428571428,0.2448979591836734,0.0,0.0,3.0,3.0,1.5714285714285714,0.8979591836734694,2.0,0.0,4.0,4.0,0.5714285714285714,0.979591836734694,0.0,0.0,0.0,0.0,0.0,0.0,0.0,1.0,4.0,3.0,2.2857142857142856,0.6938775510204082,2.0,9.105,22.5702380952,13.4652380952,12.330510204071429,4.143586005816326,9.105,0.0,1.625,1.625,0.2321428571428571,0.3979591836734694,0.0,0.0,2.1106628,2.1106628,0.3015232571428571,0.5168970122448979,0.0,2.0,229.0,227.0,72.57142857142857,89.38775510204083,12.0,-12.803202254750179
mp-1662030,LiFePO4,0.0410401110714282,-2.4388559036394546,3.0,26.0,23.0,10.857142857142858,5.5102040816326525,8.0,1.0,87.0,86.0,69.57142857142857,23.755102040816325,87.0,6.941,55.845,48.904,22.536766,11.92720857142857,15.9994,54.8,1811.0,1756.2,400.17,418.38571428571424,54.8,1.0,16.0,15.0,12.571428571428571,4.612244897959184,16.0,2.0,4.0,2.0,2.4285714285714284,0.6122448979591836,2.0,66.0,132.0,66.0,90.14285714285714,27.59183673469388,66.0,0.98,3.44,2.46,2.68,0.8685714285714285,3.44,1.0,2.0,1.0,1.8571428571428568,0.2448979591836734,2.0,0.0,4.0,4.0,2.7142857142857144,1.5510204081632657,4.0,0.0,6.0,6.0,0.8571428571428571,1.469387755102041,0.0,0.0,0.0,0.0,0.0,0.0,0.0,1.0,8.0,7.0,5.428571428571429,1.3877551020408163,6.0,0.0,1.0,1.0,0.1428571428571428,0.2448979591836734,0.0,0.0,3.0,3.0,1.5714285714285714,0.8979591836734694,2.0,0.0,4.0,4.0,0.5714285714285714,0.979591836734694,0.0,0.0,0.0,0.0,0.0,0.0,0.0,1.0,4.0,3.0,2.2857142857142856,0.6938775510204082,2.0,9.105,22.5702380952,13.4652380952,12.330510204071429,4.143586005816326,9.105,0.0,1.625,1.625,0.2321428571428571,0.3979591836734694,0.0,0.0,2.1106628,2.1106628,0.3015232571428571,0.5168970122448979,0.0,2.0,229.0,227.0,72.57142857142857,89.38775510204083,12.0,-12.803202254750179
mp-1662331,LiMnSiO4,0.0249102350728804,-2.638683012323481,3.0,25.0,22.0,10.571428571428571,5.1020408163265305,8.0,1.0,87.0,86.0,68.42857142857143,23.95918367346939,87.0,6.941,54.938045,47.997045,21.99459214285714,11.152674489795915,15.9994,54.8,1687.0,1632.2,554.1271428571429,599.3559183673469,54.8,1.0,16.0,15.0,12.285714285714286,4.7346938775510194,16.0,2.0,4.0,2.0,2.4285714285714284,0.6122448979591836,2.0,66.0,139.0,73.0,91.71428571428572,29.387755102040817,66.0,0.98,3.44,2.46,2.5985714285714283,0.9616326530612244,3.44,1.0,2.0,1.0,1.8571428571428568,0.2448979591836734,2.0,0.0,4.0,4.0,2.571428571428572,1.6326530612244898,4.0,0.0,5.0,5.0,0.7142857142857143,1.2244897959183674,0.0,0.0,0.0,0.0,0.0,0.0,0.0,1.0,7.0,6.0,5.142857142857143,1.5102040816326527,6.0,0.0,1.0,1.0,0.1428571428571428,0.2448979591836734,0.0,0.0,4.0,4.0,1.7142857142857142,0.979591836734694,2.0,0.0,5.0,5.0,0.7142857142857143,1.2244897959183674,0.0,0.0,0.0,0.0,0.0,0.0,0.0,1.0,5.0,4.0,2.571428571428572,1.1020408163265307,2.0,9.105,20.44,11.335,11.991559934314283,3.72863241847755,9.105,0.0,0.773,0.773,0.1104285714285714,0.1893061224489796,0.0,0.0,0.000310120689655,0.000310120689655,4.4302955665e-05,7.594792399714285e-05,0.0,12.0,229.0,217.0,103.0,104.0,12.0,-12.894347963242744
